admission_source_group,encounters,readmitted_cases,readmission_rate,readmission_rate_pct,lift_vs_overall,difference_from_overall_pp
Emergency Room,55850,6690,0.1197851387645479,11.97851387645479,1.0517778893659608,0.5896892989807849
Referral,30434,3260,0.10711704015246107,10.711704015246108,0.9405451758764309,-0.6771205622278966
Unknown,6854,739,0.10782025094835133,10.782025094835133,0.9467197445609038,-0.6067994826388716
Transfer,6185,623,0.10072756669361359,10.07275666936136,0.88444216528581,-1.316067908112645
Other,20,2,0.1,10.0,0.8780537387307761,-1.3888245774740042
