admission_type_group,encounters,readmitted_cases,readmission_rate,readmission_rate_pct,lift_vs_overall,difference_from_overall_pp
Emergency,52371,6194,0.11827156250596704,11.827156250596705,1.0384878764389502,0.4383316731227005
Elective,18668,1958,0.10488536533104778,10.488536533104778,0.9209498716706982,-0.9002880443692263
Urgent,18132,2058,0.11350099272005294,11.350099272005295,0.9965997100749707,-0.03872530546870934
Unknown,10144,1103,0.10873422712933754,10.873422712933754,0.954744946589162,-0.5154018645402498
Other,28,1,0.03571428571428571,3.571428571428571,0.3135906209752771,-7.817396006045433
