race,encounters,readmitted_cases,readmission_rate,readmission_rate_pct,lift_vs_overall
Caucasian,74220,8556,0.1152789005658852,11.52789005658852,1.0122106963864888
AfricanAmerican,18772,2149,0.11447901129341573,11.447901129341572,1.005187238723864
Unknown,2234,188,0.08415398388540735,8.415398388540735,0.7389172017967139
Hispanic,2017,212,0.10510659395141299,10.5106593951413,0.9228923778429574
Other,1472,144,0.09782608695652174,9.782608695652174,0.8589656139757591
Asian,628,65,0.1035031847133758,10.35031847133758,0.9088135830812172
