gender,encounters,readmitted_cases,readmission_rate,readmission_rate_pct,lift_vs_overall
Female,53454,6128,0.11464062558461481,11.464062558461482,1.0066062990500608
Male,45886,5186,0.11301922154905636,11.301922154905636,0.9923695002959082
Unknown/Invalid,3,0,0.0,0.0,0.0
