insulin,encounters,readmitted_cases,readmission_rate,readmission_rate_pct,lift_vs_overall,difference_from_overall_pp
No,46379,4736,0.1021151814398758,10.21151814398758,0.8966261684445449,-1.1773064334864234
Steady,30069,3420,0.11373840167614487,11.373840167614487,0.9986842882900175,-0.0149844098595171
Up,10987,1465,0.1333394011104032,13.33394011104032,1.1707915966511213,1.945115533566316
Down,11908,1693,0.14217332885455156,14.217332885455155,1.248358229485391,2.828508307981151
