max_glu_serum,encounters,readmitted_cases,readmission_rate,readmission_rate_pct,lift_vs_overall,difference_from_overall_pp
Unknown,94191,10657,0.11314244460723423,11.314244460723422,0.9934514649652174,-0.07458011675058174
Norm,2545,294,0.11552062868369352,11.552062868369353,1.0143331991624682,0.16323829089534847
>200,1419,184,0.12966878083157152,12.966878083157152,1.1385615780582294,1.5780535056831475
>300,1188,179,0.15067340067340068,15.067340067340067,1.3229934278855968,3.6785154898660632
