change,encounters,readmitted_cases,readmission_rate,readmission_rate_pct,lift_vs_overall,difference_from_overall_pp
No,53221,5769,0.108397061310385,10.8397061310385,0.951784449510127,-0.5491184464355037
Ch,46122,5545,0.12022462165560904,12.022462165560905,1.0556367853220054,0.6336375880869003
