metformin,encounters,readmitted_cases,readmission_rate,readmission_rate_pct,lift_vs_overall,difference_from_overall_pp
No,79499,9376,0.11793859042252104,11.793859042252103,1.035564202611323,0.40503446477809923
Steady,18207,1781,0.09781951996484868,9.781951996484867,0.8589079522598517,-1.6068725809891369
Up,1063,88,0.08278457196613359,8.27845719661336,0.7268930292409058,-3.1103673808606445
Down,574,69,0.12020905923344948,12.020905923344948,1.0555001388923961,0.6320813458709438
