diabetesMed,encounters,readmitted_cases,readmission_rate,readmission_rate_pct,lift_vs_overall,difference_from_overall_pp
No,22624,2233,0.09870049504950495,9.870049504950495,0.8666433869279627,-1.5187750725235087
Yes,76719,9081,0.11836702772455324,11.836702772455324,1.0393261123599338,0.4478781949813193
