A1Cresult,encounters,readmitted_cases,readmission_rate,readmission_rate_pct,lift_vs_overall,difference_from_overall_pp
Unknown,82509,9641,0.11684785902144008,11.684785902144009,1.025986994764621,0.2959613246700048
Norm,4922,481,0.09772450223486388,9.772450223486388,0.858073645529263,-1.6163743539876165
>7,3775,383,0.1014569536423841,10.14569536423841,0.8908465746593038,-1.2431292132355942
>8,8137,809,0.09942239154479537,9.942239154479537,0.8729820260946267,-1.4465854229944668
