gender,encounters,readmitted_cases,not_readmitted_cases,readmission_rate,readmission_rate_pct,difference_from_overall_pp
Female,53454,6128,47326,0.11464062558461481,11.464062558461482,0.07523798098747747
Male,45886,5186,40700,0.11301922154905636,11.301922154905636,-0.08690242256836811
