feature,male_mean,female_mean,mean_difference_female_minus_male,male_median,female_median,mann_whitney_u,p_value,statistically_significant_at_0_05
num_procedures,1.4463452905025498,1.2379241965054064,-0.20842109399714337,1.0,1.0,1293248666.5,1.2096947083243394e-55,True
num_medications,15.780957154687703,16.149100160885997,0.3681430061982933,14.0,15.0,1169556162.0,1.5178352853847812e-36,True
time_in_hospital,4.2823737087564835,4.462622067572118,0.18024835881563472,3.0,4.0,1171460915.5,9.309178550225072e-35,True
number_emergency,0.17672056836507868,0.21710255546825308,0.040381987103174394,0.0,0.0,1201731121.5,1.2846907977844213e-23,True
number_inpatient,0.6102732859695768,0.648707299734351,0.03843401376477429,0.0,0.0,1209368782.0,5.930739289983503e-06,True
number_outpatient,0.35331037789303926,0.38294608448385525,0.02963570659081599,0.0,0.0,1214064818.5,2.22455214763511e-05,True
num_lab_procedures,42.848210783245435,42.95783290305683,0.10962211981139802,44.0,44.0,1215304257.5,0.013830048931564302,True
number_diagnoses,7.3945429978642725,7.407939536797994,0.013396538933721835,8.0,8.0,1223493601.0,0.4933474010406377,False
