count,mean,std,min,q1,median,q3,max,skewness,unique_values,zero_count,zero_percentage
99343.0,4.379332212637025,2.9684089680914947,1.0,2.0,4.0,6.0,14.0,1.1418203704635215,14,0,0.0
99343.0,42.90692852037889,19.610032016583858,1.0,31.0,44.0,57.0,132.0,-0.24153505439823444,118,0,0.0
99343.0,1.3342359300604976,1.702785621493648,0.0,0.0,1.0,2.0,6.0,1.322162773071895,7,45679,45.98109579940207
99343.0,15.979062440232326,8.094909253106318,1.0,10.0,15.0,20.0,81.0,1.3353622069483766,75,0,0.0
99343.0,0.36924594586432863,1.2651423049517994,0.0,0.0,0.0,0.0,42.0,8.839668695720395,39,82994,83.54287669991847
99343.0,0.19844377560572965,0.9377339086382255,0.0,0.0,0.0,0.0,76.0,22.848779537441132,33,88249,88.83263038160716
99343.0,0.6309352445567378,1.2604283438170563,0.0,0.0,0.0,1.0,21.0,3.6334201476462855,21,66245,66.68310801968936
99343.0,7.401709229638726,1.941012685881187,1.0,6.0,8.0,9.0,16.0,-0.8614324992322968,16,0,0.0
