feature,mean_not_readmitted,mean_readmitted,mean_difference,median_not_readmitted,median_readmitted,correlation_with_target,absolute_correlation
number_inpatient,0.5548739619897988,1.2227328972953861,0.6678589353055874,0.0,0.0,0.16832648957296326,0.16832648957296326
number_emergency,0.17797543991184722,0.35769842672794766,0.17972298681610044,0.0,0.0,0.06088494154599874,0.06088494154599874
number_diagnoses,7.364425359824604,7.691797772671027,0.32737241284642327,8.0,9.0,0.05357961539794502,0.05357961539794502
time_in_hospital,4.329436890115757,4.767544634965529,0.43810774484977166,4.0,4.0,0.04688598907771662,0.04688598907771662
num_medications,15.859557645775824,16.908873961463673,1.0493163156878484,15.0,16.0,0.0411794296844119,0.0411794296844119
num_lab_procedures,42.73789319428825,44.2221141948029,1.4842210005146512,44.0,45.0,0.024043968805475224,0.024043968805475224
number_outpatient,0.36055163639255244,0.43689234576630726,0.07634070937375481,0.0,0.0,0.01916914309066654,0.01916914309066654
num_procedures,1.3408535823421828,1.2827470390666431,-0.05810654327553966,1.0,1.0,-0.010840540900922232,0.010840540900922232
