encounter_frequency_group,patients,total_encounters,patients_with_readmission,patients_with_readmission_pct,readmitted_cases,readmission_rate_pct
1,53649,53649,2287,4.262893996160226,2287,4.262893996160226
2,10218,20436,2934,28.714034057545508,3108,15.208455666470932
3,3233,9699,1521,47.04608722548716,1882,19.404062274461285
4,1354,5416,822,60.70901033973413,1164,21.491875923190545
5,691,3455,508,73.51664254703329,839,24.283646888567294
6-10,750,5281,639,85.2,1460,27.646279113804205
11+,95,1407,94,98.94736842105263,574,40.79601990049751
