,count,percentage
Not readmitted within 30 days (0),88029,88.611175422526
Readmitted within 30 days (1),11314,11.388824577474004
