split,encounters,patients,positive_cases,positive_rate_pct,encounter_percentage,patient_percentage
Train,69467,48993,7936,11.424129442756993,69.92641655677804,70.0
Validation,14900,10498,1680,11.275167785234899,14.998540410496966,14.999285612230317
Test,14976,10499,1698,11.338141025641026,15.075043032725002,15.000714387769682
