model,operating_point,threshold,accuracy,balanced_accuracy,precision,recall_sensitivity,specificity,f1_score,roc_auc,pr_auc,predicted_positive_rate,true_negatives,false_positives,false_negatives,true_positives
Tuned XGBoost,Main balanced threshold,0.5,0.6537126068376068,0.610824675051641,0.17547450688500185,0.555359246171967,0.6662901039313149,0.26668552036199095,0.6638726731838189,0.22376421017245923,0.35884081196581197,8847,4431,755,943
Tuned XGBoost,Recall-focused screening threshold,0.45,0.5584935897435898,0.6079747737563184,0.15856031128404668,0.6719670200235571,0.5439825274890797,0.25657746795592534,0.6638726731838189,0.22376421017245923,0.48050213675213677,7223,6055,557,1141
